<layout>
 <options perpage="40" category="(All)" showseparator="false" sorton="OriginalTitle" searchon="OriginalTitle"/>

 <group checked="true" name = "Letters" setting ="getAttribute('OriginalTitle').charAt(0)"/>
 <group name = "Category" setting ="getAttribute('Category')"/>
 <group name = "Source" setting ="getAttribute('Source')"/>
 <group name = "Format" setting ="getAttribute('VideoFormat')"/>
 <group name = "Borrower" setting ="getAttribute('Borrower')"/>
 <group name = "Director" setting ="getAttribute('Director').charAt(0)"/>
 <group name = "Country" setting ="getAttribute('Country')"/>

 <row>


  <cell title="#" sortby="Number"  action="'Expand'+movie.getAttribute('Number')">
   <text value="movie.getAttribute('Number')" />
  </cell>

  <cell title="Title" sortby="OriginalTitle" action="'Expand'+movie.getAttribute('Number')">
   <img src="'pics\\picBlank.gif'" class="picBookMark" width="12" height="13" url="'javascript:BookMark('+MovieNum+')'"/>
   <sp/>
   <text value="movie.getAttribute('OriginalTitle') " bold="true"  url = "movie.getAttribute('URL')" target="_blank"/>
  </cell>

  <cell title="Disks" sortby="Disks"  action="'Expand'+movie.getAttribute('Number')">
   <text value="movie.getAttribute('Disks')" />
  </cell>



  <cell title="Country" sortby="Country"  action="'Expand'+movie.getAttribute('Number')">
   <text value="movie.getAttribute('Country')" />
  </cell>

  <cell title="Video Format" sortby="VideoFormat" action="'Expand'+movie.getAttribute('Number')">
   <text value="movie.getAttribute('VideoFormat')" />
  </cell>

  <cell title="Video BitRate" sortby="VideoBitRate" action="'Expand'+movie.getAttribute('Number')">
   <text value="movie.getAttribute('VideoBitRate')" />
  </cell>

  <cell title="Resolution" sortby="Resolution" action="'Expand'+movie.getAttribute('Number')">
   <text value="movie.getAttribute('Resolution')" />
  </cell>

  <cell title="Audio Format" sortby="AudioFormat" action="'Expand'+movie.getAttribute('Number')">
   <text value="movie.getAttribute('AudioFormat')" />
  </cell>

  <cell title="Audio BitRate" sortby="AudioBitRate" action="'Expand'+movie.getAttribute('Number')">
   <text value="movie.getAttribute('AudioBitRate')" />
  </cell>

  <cell title="Languages" sortby="Languages" action="'Expand'+movie.getAttribute('Number')">
   <text value="movie.getAttribute('Languages')" />
  </cell>

  <cell title="Subtitles" sortby="Subtitles" action="'Expand'+movie.getAttribute('Number')">
   <text value="movie.getAttribute('Subtitles')" />
  </cell>


 </row>

 <row hidden="true" id="'Expand'+movie.getAttribute('Number')">

  <cell>
   <img src="(movie.getAttribute('Picture')!=null?movie.getAttribute('Picture'):'pics\\nopic.gif')" width="98" height = "140" url = "movie.getAttribute('URL')" target="_blank"/>
   <br/>
   <img src="'pics\\appr'+(movie.getAttribute('Rating')!=null?movie.getAttribute('Rating'):'0')+'.gif'"/>
   <sp/>
   <img src="'pics\\picBlank.gif'" class="picBookMark" width="12" height="13" url="'javascript:BookMark('+MovieNum+')'"/>
  </cell>


  <cell align="center" valign="top">
   <text value="'Year:'" bold="true"/> 
   <br/>
   <text value="'Director:'" bold="true"/>
   <br/>
   <text value="'Producer:'" bold="true"/>
   <br/>
   <text value="'Actors:'" bold="true"/>
   <br/>
  </cell>
  <cell colspan="4" valign="top">
   <text value="movie.getAttribute('Year')"/> 
   <br/>
   <text value="movie.getAttribute('Director')"/> 
   <br/>
   <text value="movie.getAttribute('Producer')"/> 
   <br/>
   <text value="movie.getAttribute('Actors')"/> 
   <br/>
  </cell>

  <cell align="center" valign="top">
   <text value="'Category'" bold="true"/>
   <br/>
   <text value="'Length'" bold="true"/>
   <br/>  
   <text value="'Media Type:'" bold="true"/>
   <br/>
   <text value="'FPS:'" bold="true"/>
   <br/>
   <text value="'Description'" bold="true"/>
   <br/>
  </cell>

  <cell colspan="4" valign="top">
   <text value="movie.getAttribute('Category')"/> 
   <br/>
   <text value="movie.getAttribute('Length')!=null?movie.getAttribute('Length'):0" />
   <br/>
   <text value="movie.getAttribute('MediaType')"/> 
   <br/>
   <text value="movie.getAttribute('Framerate')"/> 
   <br/>
   <text value="movie.getAttribute('Description')"/> 
   <br/>
  </cell>

 </row>

</layout>