<layout>
 <options perpage="20" category="(All)" sorton="OriginalTitle" searchon="OriginalTitle"/>

 <group checked="true" name = "Letters" setting ="getAttribute('OriginalTitle').charAt(0)"/>
 <group name = "Category" setting ="getAttribute('Category')"/>
 <group name = "Source" setting ="getAttribute('Source')"/>
 <group name = "Format" setting ="getAttribute('VideoFormat')"/>
 <group name = "Borrower" setting ="getAttribute('Borrower')"/>
 <group name = "Director" setting ="getAttribute('Director').charAt(0)"/>
 <group name = "Country" setting ="getAttribute('Country')"/>


 <row>
  <cell rowspan="2">
   <img src="(movie.getAttribute('Picture')!=null?movie.getAttribute('Picture'):'pics\\nopic.gif')" width="98" height = "140" url = "movie.getAttribute('URL')" target="_blank"/>
   <br/>
   <img src="'pics\\appr'+(movie.getAttribute('Rating')!=null?movie.getAttribute('Rating'):'0')+'.gif'"/>
   <sp/>
   <img src="'pics\\picBlank.gif'" class="picBookMark" width="12" height="13" url="'javascript:BookMark('+MovieNum+')'"/>
  </cell>

  <cell title="Title" sortby="OriginalTitle" action="'Expand'+movie.getAttribute('Number')">
    <sp/><text value="movie.getAttribute('OriginalTitle') " bold="true" />
  </cell>
  <cell title="Lent to" sortby="Borrower"  action="'Expand'+movie.getAttribute('Number')">
   <text value="movie.getAttribute('Borrower')" />
  </cell>
  <cell title="Genre" sortby="Category" action="'Expand'+movie.getAttribute('Number')">
   <text value="movie.getAttribute('Category')" />
  </cell>
  <cell title="Length" sortby="Length" action="'Expand'+movie.getAttribute('Number')">
   <text value="movie.getAttribute('Length')!=null?movie.getAttribute('Length'):0" />
  </cell>
  <cell title="Source" sortby="Source" action="'Expand'+movie.getAttribute('Number')">
   <text value="movie.getAttribute('Source')" />
  </cell>
</row>


 <row>
  <cell colspan="6">
   <text value="movie.getAttribute('Description')" />
  </cell>
 </row>

 <row hidden="true" id="'Expand'+movie.getAttribute('Number')">
  <cell align="center" valign="top">
   <text value="'Year:'" bold="true"/> 
   <br/>
   <text value="'Director:'" bold="true"/>
   <br/>
   <text value="'Producer:'" bold="true"/>
   <br/>
   <text value="'Actors:'" bold="true"/>
   <br/>
  </cell>
  <cell colspan="3" valign="top">
   <text value="movie.getAttribute('Year')"/> 
   <br/>
   <text value="movie.getAttribute('Director')"/> 
   <br/>
   <text value="movie.getAttribute('Producer')"/> 
   <br/>
   <text value="movie.getAttribute('Actors')"/> 
   <br/>
  </cell>

  <cell align="center" valign="top">
   <text value="'Video Format:'" bold="true"/>
   <br/>
   <text value="'Video Bitrate:'" bold="true"/>
   <br/>  
   <text value="'Audio Format:'" bold="true"/>
   <br/>
   <text value="'Audio Bitrate:'" bold="true"/>
   <br/>
   <text value="'Frames Per Sec:'" bold="true"/>
   <br/>
   <text value="'Resolution:'" bold="true"/>
   <br/>
   <text value="'File Size:'" bold="true"/>
   <br/>
   <text value="'Disks:'" bold="true"/>
   <br/>
  </cell>

  <cell colspan="2" valign="top">
   <text value="movie.getAttribute('VideoFormat')"/> 
   <br/>
   <text value="movie.getAttribute('VideoBitrate')"/> 
   <br/>
   <text value="movie.getAttribute('AudioFormat')"/> 
   <br/>
   <text value="movie.getAttribute('AudioBitrate')"/> 
   <br/>
   <text value="movie.getAttribute('Framerate')"/> 
   <br/>
   <text value="movie.getAttribute('Resolution')"/> 
   <br/>
   <text value="movie.getAttribute('Size')"/> 
   <br/>
   <text value="movie.getAttribute('Disks')"/> 
   <br/>
  </cell>
 </row>

</layout>

