<layout>
 <options perpage="40" category="(All)" showseparator="false" sorton="OriginalTitle" searchon="OriginalTitle"/>

 <group checked="true" name = "Letters" setting ="getAttribute('OriginalTitle').charAt(0)"/>
 <group name = "Category" setting ="getAttribute('Category')"/>
 <group name = "Source" setting ="getAttribute('Source')"/>
 <group name = "Format" setting ="getAttribute('VideoFormat')"/>
 <group name = "Borrower" setting ="getAttribute('Borrower')"/>
 <group name = "Director" setting ="getAttribute('Director').charAt(0)"/>
 <group name = "Country" setting ="getAttribute('Country')"/>

 <row id="'NotExpand'+movie.getAttribute('Number')">

  <cell title="Title" sortby="OriginalTitle" popuptitle="movie.getAttribute('OriginalTitle')" popup="'popup'+movie.getAttribute('Number')" mouseover="bodycontentover" mouseout="bodycontent">
   <img src="'pics\\picBlank.gif'" class="picBookMark" width="12" height="13" url="'javascript:BookMark('+MovieNum+')'"/>
   <sp/>
   <text value="movie.getAttribute('OriginalTitle')" bold="true"  url = "movie.getAttribute('URL')" target="_blank"/>
  </cell>

  <cell title="Rating" sortby="Rating"  popuptitle="movie.getAttribute('OriginalTitle')" popup="'popup'+movie.getAttribute('Number')" mouseover="bodycontentover" mouseout="bodycontent">
   <img src="'pics\\appr'+(movie.getAttribute('Rating')!=null?movie.getAttribute('Rating'):'0')+'.gif'"/>
  </cell>

  <cell title="Country" sortby="Country"  popuptitle="movie.getAttribute('OriginalTitle')" popup="'popup'+movie.getAttribute('Number')" mouseover="bodycontentover" mouseout="bodycontent">
   <text value="movie.getAttribute('Country')" />
  </cell>
  <cell title="Genre" sortby="Category"  popuptitle="movie.getAttribute('OriginalTitle')" popup="'popup'+movie.getAttribute('Number')" mouseover="bodycontentover" mouseout="bodycontent">
   <text value="movie.getAttribute('Category')" />
  </cell>
  <cell title="Length" sortby="Length"  popuptitle="movie.getAttribute('OriginalTitle')" popup="'popup'+movie.getAttribute('Number')" mouseover="bodycontentover" mouseout="bodycontent">
   <text value="movie.getAttribute('Length')!=null?movie.getAttribute('Length'):0" />
  </cell>
  <cell title="Source" sortby="Source"  popuptitle="movie.getAttribute('OriginalTitle')" popup="'popup'+movie.getAttribute('Number')" mouseover="bodycontentover" mouseout="bodycontent">
   <text value="movie.getAttribute('Source')" />
  </cell>
  <cell title="Format" sortby="VideoFormat"  popuptitle="movie.getAttribute('OriginalTitle')" popup="'popup'+movie.getAttribute('Number')" mouseover="bodycontentover" mouseout="bodycontent">
   <text value="movie.getAttribute('VideoFormat')" />
  </cell>
 </row>


 <row hidden="true" id="'popup'+movie.getAttribute('Number')">
  <cell rowspan="2">
   <img src="(movie.getAttribute('Picture')!=null?movie.getAttribute('Picture'):'pics\\nopic.gif')" width="98" height = "140" url = "movie.getAttribute('URL')" target="_blank"/>
  </cell>

  <cell>
   <text value="movie.getAttribute('Description')" />
  </cell>

 </row>



</layout>



