<?xml version="1.0" encoding="ISO-8859-1" ?>
<movies>
	$$ITEM_BEGIN
	<movie>
		<number>$$ITEM_NUMBER</number>
		<date>$$ITEM_DATEADD</date>
		<media>$$ITEM_TYPE</media>
		<title><![CDATA[$$ITEM_FORMATTEDTITLE2]]></title>
		<year>$$ITEM_YEAR</year>
		<length>$$ITEM_LENGTH</length>
		<category>$$ITEM_CATEGORY</category>
		<director><![CDATA[$$ITEM_DIRECTOR]]></director>
		<description><![CDATA[$$ITEM_DESCRIPTION]]></description>
 	  	<producer><![CDATA[$$ITEM_PRODUCER]]></producer>
   		<picture>$$ITEM_PICTUREFILENAME</picture>
   		<actors><![CDATA[$$ITEM_ACTORS]]></actors>
   		<rating>$$ITEM_RATING</rating>
   		<borrower><![CDATA[$$ITEM_BORROWER]]></borrower>
   		<country>$$ITEM_COUNTRY</country>    	
	</movie>
	$$ITEM_END
</movies>
