<layout>
 <options perpage="1" category="(All)"/>

 <group name = "Letters" setting ="getAttribute('OriginalTitle').charAt(0)"/>
 <group name = "Category" setting ="getAttribute('Category')"/>
 <group name = "Source" setting ="getAttribute('Source')"/>
 <group name = "Format" setting ="getAttribute('VideoFormat')"/>
 <group name = "Borrower" setting ="getAttribute('Borrower')"/>
 <group name = "Director" setting ="getAttribute('Director').charAt(0)"/>
 <group name = "Country" setting ="getAttribute('Country')"/>

 <row>
  <cell>
   <img src="(movie.getAttribute('Picture')!=''?movie.getAttribute('Picture'):'nopic.gif')" width="200" height = "290" url = "movie.getAttribute('URL')" target="_blank"/>
   <br/>
  </cell>


  <cell colspan="5">

   <img src="'picBlank.gif'" class="picBookMark" width="12" height="13" url="'javascript:BookMark('+MovieNum+')'"/>
   <text value="movie.getAttribute('OriginalTitle')" bold="true"/>
   <img src="'appr'+(movie.getAttribute('Rating')!=''?movie.getAttribute('Rating'):'0')+'.gif'"/>
   <br/>

   <text value="'Category:'" bold="true"/>
   <text value="movie.getAttribute('Category')"/> <br/>

   <text value="'Year:'" bold="true"/>
   <text value="movie.getAttribute('Year')"/><br/>

   <text value="'Director:'" bold="true"/>
   <text value="movie.getAttribute('Director')"/><br/>

   <text value="'Length:'" bold="true"/>
   <text value="movie.getAttribute('Length')"/><br/>


   <br/>
   <text value="'Description:'" bold="true"/><br/>
   <text value="movie.getAttribute('Description')"/><br/>
  </cell>

  <cell/>



 </row>
</layout>

