<layout>
 <options perpage="40" category="(All)" showseparator="false"/>

 <group name = "Letters" setting ="getAttribute('OriginalTitle').charAt(0)"/>
 <group name = "Category" setting ="getAttribute('Category')"/>
 <group name = "Source" setting ="getAttribute('Source')"/>
 <group name = "Format" setting ="getAttribute('VideoFormat')"/>
 <group name = "Borrower" setting ="getAttribute('Borrower')"/>
 <group name = "Director" setting ="getAttribute('Director').charAt(0)"/>
 <group name = "Country" setting ="getAttribute('Country')"/>

 <row>

  <cell id="Title" sortby="OriginalTitle" action="'Expand'+movie.getAttribute('Number')">
   <img src="'picBlank.gif'" class="picBookMark" width="12" height="13" url="'javascript:BookMark('+MovieNum+')'"/>
   <sp/>
   <text value="movie.getAttribute('OriginalTitle') " bold="true"  url = "movie.getAttribute('URL')" target="_blank"/>
  </cell>

  <cell id="Rating">
   <img src="'appr'+(movie.getAttribute('Rating')!=''?movie.getAttribute('Rating'):'0')+'.gif'"/>
  </cell>


  <cell id="Country" sortby="Country"  action="'Expand'+movie.getAttribute('Number')">
   <text value="movie.getAttribute('Country')" />
  </cell>
  <cell id="Genre" sortby="Category" action="'Expand'+movie.getAttribute('Number')">
   <text value="movie.getAttribute('Category')" />
  </cell>
  <cell id="Length" sortby="Length" action="'Expand'+movie.getAttribute('Number')">
   <text value="movie.getAttribute('Length')" />
  </cell>
  <cell id="Source" sortby="Source" action="'Expand'+movie.getAttribute('Number')">
   <text value="movie.getAttribute('Source')" />
  </cell>
  <cell id="Format" sortby="VideoFormat" action="'Expand'+movie.getAttribute('Number')">
   <text value="movie.getAttribute('VideoFormat')" />
  </cell>
 </row>

 <row hidden="true" id="'Expand'+movie.getAttribute('Number')">
  <cell align="center" valign="top">
   <img src="(movie.getAttribute('Picture')!=''?movie.getAttribute('Picture'):'nopic.gif')" width="98" height = "140"/>
  </cell>
  <cell colspan="6">
   <text value="movie.getAttribute('Description')" />
  </cell>
 </row>

</layout>

